Datetime,Benchmark,Strategy,Para1,Para2,Para3,Para4
2017-06-01 16:00:00,0.14,0,0,0,0,0
2017-06-02 16:00:00,-0.18,0,0,0,0,0
2017-06-05 16:00:00,-0.69,-0.16,0,-15737,8995077,0
2017-06-06 16:00:00,0,0.87,103076,0,0,0
2017-06-07 16:00:00,1.17,2.26,138974,0,0,0
2017-06-08 16:00:00,1.95,2.57,30429,0,0,0
2017-06-09 16:00:00,2.38,3.85,128005,0,0,0
2017-06-12 16:00:00,2.33,4.31,46077,0,7224708,-6593447
2017-06-13 16:00:00,2.56,4.81,50321,0,0,0
2017-06-14 16:00:00,1.21,2.77,0,-203796,0,0
2017-06-15 16:00:00,1.03,2.65,0,-11974,0,0
2017-06-16 16:00:00,0.74,2.53,0,-12799.8,0,0
2017-06-19 16:00:00,1.74,3.52,99196.2,0,4095383,-4399018
2017-06-20 16:00:00,1.53,3.62,10366,0,0,0
2017-06-21 16:00:00,2.72,5.19,156598,0,0,0
2017-06-22 16:00:00,2.79,4.82,0,-36822,0,0
2017-06-23 16:00:00,3.72,5.88,105937,0,0,0
2017-06-26 16:00:00,5.02,7.74,185954.16,0,4261761,-3926766
2017-06-27 16:00:00,5.21,7.98,24122,0,0,0
2017-06-28 16:00:00,4.39,6.95,0,-102925,0,0
2017-06-29 16:00:00,5.04,7.43,47920,0,0,0
2017-06-30 16:00:00,4.98,7.26,0,-16705,0,0
2017-07-03 16:00:00,4.52,7.28,2119,0,2898127,-3242279
2017-07-04 16:00:00,3.64,6.63,0,-65682,0,0
2017-07-05 16:00:00,4.78,7.65,102333,0,0,0
2017-07-06 16:00:00,4.79,7.98,32993,0,0,0
2017-07-07 16:00:00,4.67,7.87,0,-11353,0,0
2017-07-10 16:00:00,4.6,8.58,71514,0,4356842,-3978108
2017-07-11 16:00:00,5.09,7.56,0,-102031,0,0
2017-07-12 16:00:00,4.75,7.35,0,-20750,0,0
2017-07-13 16:00:00,5.56,7.85,49341,0,0,0
2017-07-14 16:00:00,6.02,8.57,72520.2,0,0,0
2017-07-17 16:00:00,4.89,8.02,0,-55364,5698866,-6146286
2017-07-18 16:00:00,4.99,8.3,28573.8,0,0,0
2017-07-19 16:00:00,6.78,9.91,160784,0,0,0
2017-07-20 16:00:00,7.3,10.34,42652,0,0,0
2017-07-21 16:00:00,6.75,9.7,0,-63786,0,0
2017-07-24 16:00:00,7.17,10.18,48181,0,6593010,-6144570
2017-07-25 16:00:00,6.49,9.04,0,-114414,0,0
2017-07-26 16:00:00,6.08,7.94,0,-109454,0,0
2017-07-27 16:00:00,6.28,7.03,0,-91210,0,0
2017-07-28 16:00:00,6.56,8.5,146626,0,0,0
2017-07-31 16:00:00,7.01,10.28,178221,0,5788384,-6164011
2017-08-01 16:00:00,7.94,10.7,42016,0,0,0
2017-08-02 16:00:00,7.67,10.8,9971,0,0,0
2017-08-03 16:00:00,6.73,10.45,0,-35238,0,0
2017-08-04 16:00:00,6.15,9.61,0,-83724,0,0
2017-08-07 16:00:00,6.7,11.94,233105,0,3322042,-3355921
2017-08-08 16:00:00,6.85,11.77,0,-17134,0,0
2017-08-09 16:00:00,6.82,12.59,82235,0,0,0
2017-08-10 16:00:00,6.39,10.89,0,-169812.4,0,0
2017-08-11 16:00:00,4.42,6.62,0,-427253,0,0
2017-08-14 16:00:00,5.78,10.02,339619,0,5711295,-5651441
2017-08-15 16:00:00,6.1,10.3,27832,0,0,0
2017-08-16 16:00:00,5.97,10.17,0,-12684,0,0
2017-08-17 16:00:00,6.54,10.8,62652,0,0,0
2017-08-18 16:00:00,6.64,10.25,0,-54887,0,0
2017-08-21 16:00:00,7.1,10.92,67128,0,4790386,-4455983
2017-08-22 16:00:00,7.43,10.49,0,-42439,0,0
2017-08-23 16:00:00,7.54,10.05,0,-44856,0,0
2017-08-24 16:00:00,6.92,9.65,0,-39831,0,0
2017-08-25 16:00:00,8.67,10.51,86092,0,0,0
2017-08-28 16:00:00,10.02,12.91,240412,0,5870043,-5513256
2017-08-29 16:00:00,9.78,12.85,0,-6566,0,0
2017-08-30 16:00:00,9.77,13.33,47970,0,0,0
2017-08-31 16:00:00,9.43,13.48,15259,0,0,0
2017-09-01 16:00:00,9.67,13.77,29293,0,0,0
2017-09-04 16:00:00,10.1,14.46,68711,0,4564249,-4912987
2017-09-05 16:00:00,10.43,14.15,0,-30562,0,0
2017-09-06 16:00:00,10.21,14.02,0,-13267,0,0
2017-09-07 16:00:00,9.65,12.88,0,-114366,0,0
2017-09-08 16:00:00,9.54,13.04,16149,0,0,0
2017-09-11 16:00:00,9.53,13.99,95466,0,5188887,-4895471
2017-09-12 16:00:00,9.88,13.96,0,-3451,0,0
2017-09-13 16:00:00,10.01,14.42,46601,0,0,0
2017-09-14 16:00:00,9.65,13.51,0,-91458,0,0
2017-09-15 16:00:00,9.69,13.17,0,-33761,0,0
2017-09-18 16:00:00,10.03,14.19,101401,0,4581060,-5287429
2017-09-19 16:00:00,9.71,13.58,0,-60502,0,0
2017-09-20 16:00:00,10.01,14.14,56326,0,0,0
2017-09-21 16:00:00,9.88,13.64,0,-50323,0,0
2017-09-22 16:00:00,9.87,13.69,4772,0,0,0
2017-09-25 16:00:00,9.3,14.1,41067,0,5297886,-4907247
2017-09-26 16:00:00,9.39,14.1,378,0,0,0
2017-09-27 16:00:00,9.4,14.32,21960,0,0,0
2017-09-28 16:00:00,9.44,15.31,98309,0,0,0
2017-09-29 16:00:00,9.84,15.7,39428,0,0,0
2017-10-09 16:00:00,11.15,17.95,224967,0,5130660,-4761999
2017-10-10 16:00:00,11.37,17.67,0,-27947,0,0
2017-10-11 16:00:00,11.73,17.84,17275,0,0,0
2017-10-12 16:00:00,12.03,18.56,72011,0,0,0
2017-10-13 16:00:00,12.26,19.52,95727,0,0,0
2017-10-16 16:00:00,12.04,19.13,0,-39439,2812485,-2782628
2017-10-17 16:00:00,12.03,19.64,51030,0,0,0
2017-10-18 16:00:00,12.92,20.94,130507,0,0,0
2017-10-19 16:00:00,12.55,20.94,0,-644,0,0
2017-10-20 16:00:00,12.42,20.18,0,-75710,0,0
2017-10-23 16:00:00,12.54,20.95,77421,0,4020926,-4015891
2017-10-24 16:00:00,13.36,22.01,105364,0,0,0
2017-10-25 16:00:00,13.86,23.78,177315,0,0,0
2017-10-26 16:00:00,14.33,24.07,28715,0,0,0
2017-10-27 16:00:00,15.15,25.71,164517,0,0,0
2017-10-30 16:00:00,14.8,26.83,111567,0,3359029,-3403796
2017-10-31 16:00:00,14.71,28.13,130596,0,0,0
2017-11-01 16:00:00,14.42,27.47,0,-66071,0,0
2017-11-02 16:00:00,14.44,28.12,65227,0,0,0
2017-11-03 16:00:00,14.31,28.58,45300,0,0,0
2017-11-06 16:00:00,15.12,32.97,439151,0,1819892,-1776266
2017-11-07 16:00:00,16.07,32.54,0,-43421,0,0
2017-11-08 16:00:00,15.89,30.93,0,-160074,0,0
2017-11-09 16:00:00,16.69,33.53,259544,0,0,0
2017-11-10 16:00:00,17.72,35.89,235653,0,0,0
2017-11-13 16:00:00,18.19,38,211109,0,2350125,-2401715
2017-11-14 16:00:00,17.36,35.4,0,-259923,0,0
2017-11-15 16:00:00,16.63,34.34,0,-106274,0,0
2017-11-16 16:00:00,17.53,37.71,337459,0,0,0
2017-11-17 16:00:00,17.98,35.75,0,-195586,0,0
2017-11-20 16:00:00,18.64,36.99,123278,0,3448179,-3622369
2017-11-21 16:00:00,20.75,39.62,263450,0,0,0
2017-11-22 16:00:00,21.03,37.75,0,-187072,0,0
2017-11-23 16:00:00,17.45,31.44,0,-631199,0,0
2017-11-24 16:00:00,17.5,30.63,0,-80950,0,0
2017-11-27 16:00:00,15.95,29.16,0,-147027,9243796,-10360529
2017-11-28 16:00:00,16.12,29.06,0,-9601,0,0
2017-11-29 16:00:00,16.06,31.83,276276,0,0,0
2017-11-30 16:00:00,14.69,30.03,0,-179203,0,0
2017-12-01 16:00:00,14.47,29.29,0,-74505,0,0
2017-12-04 16:00:00,15.06,30.37,108592,0,8089997,-7281663
2017-12-05 16:00:00,15.67,29.33,0,-104408,0,0
2017-12-06 16:00:00,14.97,29.02,0,-30815,0,0
2017-12-07 16:00:00,13.69,27.33,0,-169162,0,0
2017-12-08 16:00:00,14.62,27.85,52045,0,0,0
2017-12-11 16:00:00,16.51,31.65,380328,0,8910544,-8914582
2017-12-12 16:00:00,14.98,31.06,0,-59619,0,0
2017-12-13 16:00:00,15.95,32.31,124937,0,0,0
2017-12-14 16:00:00,15.27,31.44,0,-87187,0,0
2017-12-15 16:00:00,13.97,28.94,0,-249154,0,0
2017-12-18 16:00:00,14.1,28.83,0,-11572,2630114,-2616843
2017-12-19 16:00:00,15.53,30.42,159217,0,0,0
2017-12-20 16:00:00,15.39,30.64,22196,0,0,0
2017-12-21 16:00:00,16.46,33.02,237834,0,0,0
2017-12-22 16:00:00,16.08,32.79,0,-22853,0,0
2017-12-25 16:00:00,15.71,33.09,30144,0,4003382,-3599804
2017-12-26 16:00:00,16.05,31.53,0,-156023,0,0
2017-12-27 16:00:00,14.27,28.26,0,-327340,0,0
2017-12-28 16:00:00,15.06,30.12,186380,0,0,0
2017-12-29 16:00:00,15.4,30.32,19807,0,0,0
2018-01-02 16:00:00,17.02,33.07,274498,0,9202024,-9596197
2018-01-03 16:00:00,17.71,33.25,18509,0,0,0
2018-01-04 16:00:00,18.21,33.81,55295,0,0,0
2018-01-05 16:00:00,18.49,34.07,26653,0,0,0
2018-01-08 16:00:00,19.1,36.27,219996,0,7188478,-7208272
2018-01-09 16:00:00,19.94,38.12,184515,0,0,0
2018-01-10 16:00:00,20.47,38.96,84177,0,0,0
2018-01-11 16:00:00,20.4,38.7,0,-25505,0,0
2018-01-12 16:00:00,20.96,39.25,54763,0,0,0
2018-01-15 16:00:00,20.97,40.25,99826,0,5109520,-5084234
2018-01-16 16:00:00,21.92,43.18,293005,0,0,0
2018-01-17 16:00:00,21.62,40.07,0,-310774,0,0
2018-01-18 16:00:00,22.29,39.7,0,-36688,0,0
2018-01-19 16:00:00,22.69,39.31,0,-39915,0,0
2018-01-22 16:00:00,24.16,42.88,357323,0,3373043,-3378733
2018-01-23 16:00:00,25.47,44.1,122204,0,0,0
2018-01-24 16:00:00,25.68,42.87,0,-123504,0,0
2018-01-25 16:00:00,24.97,41.47,0,-139896,0,0
2018-01-26 16:00:00,25.44,42.39,92720,0,0,0
2018-01-29 16:00:00,23.17,41.21,0,-118738,7104821,-7120536
2018-01-30 16:00:00,21.85,38.88,0,-232908,0,0
2018-01-31 16:00:00,22.42,40.62,174572,0,0,0
2018-02-01 16:00:00,21.56,39.1,0,-152520,0,0
2018-02-02 16:00:00,22.28,41.87,276870,0,0,0
2018-02-05 16:00:00,22.37,42.79,92033,0,6027527,-6018392
2018-02-06 16:00:00,18.78,37.95,0,-483845,0,0
2018-02-07 16:00:00,15.96,32.18,0,-576543,0,0
2018-02-08 16:00:00,14.86,29.43,0,-275640,0,0
2018-02-09 16:00:00,9.96,22.92,0,-650213,0,0
2018-02-12 16:00:00,11.37,26.56,363613,0,8578436,-10965739
2018-02-13 16:00:00,12.68,26.77,20656,0,0,0
2018-02-14 16:00:00,13.57,27.14,37087,0,0,0
2018-02-22 16:00:00,16.03,30.44,329663,0,9282344,-6497563
2018-02-23 16:00:00,16.55,30.83,39197,0,0,0
2018-02-26 16:00:00,17.91,32.74,191154,0,1396514,-1894128
2018-02-27 16:00:00,16.21,30.16,0,-257374,0,0
2018-02-28 16:00:00,15.2,29.89,0,-27285,0,0
2018-03-01 16:00:00,15.92,31.31,141842,0,0,0
2018-03-02 16:00:00,14.99,29.86,0,-144581,0,0
2018-03-05 16:00:00,15.04,31.85,198240,0,5637648,-5435116
2018-03-06 16:00:00,16.42,33.4,155629,0,0,0
2018-03-07 16:00:00,15.57,32.58,0,-82525,0,0
2018-03-08 16:00:00,16.74,33.8,121814,0,0,0
2018-03-09 16:00:00,17.64,35.92,212760,0,0,0
2018-03-12 16:00:00,18.17,37.69,176821,0,4645813,-4712909
2018-03-13 16:00:00,17.13,36.63,0,-105789,0,0
2018-03-14 16:00:00,16.62,35.51,0,-112628,0,0
2018-03-15 16:00:00,17.27,37.07,156141,0,0,0
2018-03-16 16:00:00,16.13,35.68,0,-139269,0,0
2018-03-19 16:00:00,16.64,37.76,208272,0,4996578,-4955414
2018-03-20 16:00:00,16.74,37.97,20773,0,0,0
2018-03-21 16:00:00,16.27,36.44,0,-153108,0,0
2018-03-22 16:00:00,15.1,34.8,0,-163701,0,0
2018-03-23 16:00:00,11.8,30.71,0,-409280,0,0
2018-03-26 16:00:00,11.08,32.66,195335,0,6848718,-8974659
2018-03-27 16:00:00,12.04,33.7,103910,0,0,0
2018-03-28 16:00:00,10.02,31.91,0,-178601,0,0
2018-03-29 16:00:00,11.49,30.6,0,-131235,0,0
2018-03-30 16:00:00,11.61,33.8,319604,0,0,0
2018-04-02 16:00:00,11.28,34.57,77194,0,9798299,-7676337
2018-04-03 16:00:00,10.58,34.22,0,-34393,0,0
2018-04-04 16:00:00,10.36,32.08,0,-214498,0,0
2018-04-09 16:00:00,10.31,32.06,0,-1947,6155776,-6137291
2018-04-10 16:00:00,12.43,33.84,177843,0,0,0
2018-04-11 16:00:00,12.75,35.14,130168,0,0,0
2018-04-12 16:00:00,11.62,33.68,0,-146346,0,0
2018-04-13 16:00:00,10.83,33.41,0,-26930,0,0
2018-04-16 16:00:00,9.05,33.51,10344,0,7061123,-7111046
2018-04-17 16:00:00,7.32,29.18,0,-432630,0,0
2018-04-18 16:00:00,7.83,29.9,71128.2,0,0,0
2018-04-19 16:00:00,9.13,31.15,125167,0,0,0
2018-04-20 16:00:00,7.67,29.38,0,-177045.6,0,0
2018-04-23 16:00:00,7.83,29.55,17562.4,0,6012087,-8089456
2018-04-24 16:00:00,10.04,31.32,177240.4,0,0,0
2018-04-25 16:00:00,9.61,31.09,0,-23452.4,0,0
2018-04-26 16:00:00,7.52,29.09,0,-199634.4,0,0
2018-04-27 16:00:00,7.56,29.68,58940.2,0,0,0
2018-05-02 16:00:00,7.75,30.19,50501.6,0,9033783,-6555126
2018-05-03 16:00:00,8.59,30.49,30112,0,0,0
2018-05-04 16:00:00,8.07,30.33,0,-15499.2,0,0
2018-05-07 16:00:00,9.77,33.31,297536.2,0,3478734,-3843360
2018-05-08 16:00:00,11.05,33.68,37301.2,0,0,0
2018-05-09 16:00:00,10.84,33.65,0,-2950.8,0,0
2018-05-10 16:00:00,11.46,35.05,139645.8,0,0,0
2018-05-11 16:00:00,10.88,33.61,0,-143732.2,0,0
2018-05-14 16:00:00,11.92,35.44,182501.4,0,4073548,-4104430.4
2018-05-15 16:00:00,12.35,36.94,149801,0,0,0
2018-05-16 16:00:00,11.45,36.32,0,-61424,0,0
2018-05-17 16:00:00,10.63,34.81,0,-151314,0,0
2018-05-18 16:00:00,11.74,35.6,79450,0,0,0
2018-05-21 16:00:00,12.26,36.43,82653.8,0,4554529,-4530473
2018-05-22 16:00:00,11.83,37.42,98631,0,0,0
2018-05-23 16:00:00,10.36,35.3,0,-211100,0,0
2018-05-24 16:00:00,9.57,34.96,0,-34455.8,0,0
2018-05-25 16:00:00,9.27,33.94,0,-102005,0,0
2018-05-28 16:00:00,9.74,35.54,160164,0,6228713,-6180424
2018-05-29 16:00:00,8.91,32.05,0,-348751,0,0
2018-05-30 16:00:00,6.6,30.67,0,-138761,0,0
2018-05-31 16:00:00,8.86,35.1,443570.8,0,0,0
2018-06-01 16:00:00,7.95,31.55,0,-355517.6,0,0
2018-06-04 16:00:00,9.01,33.77,222070.4,0,6576250,-6536832
2018-06-05 16:00:00,10.09,34.94,117671.8,0,0,0
2018-06-06 16:00:00,9.86,34.95,122.8,0,0,0
2018-06-07 16:00:00,9.68,35.28,33106.56,0,0,0
2018-06-08 16:00:00,8.21,33.93,0,-134597.8,0,0
2018-06-11 16:00:00,8.22,34.37,43473.6,0,5370748,-5328584
2018-06-12 16:00:00,9.54,36.66,229363.2,0,0,0
2018-06-13 16:00:00,8.46,34.37,0,-229179.4,0,0
2018-06-14 16:00:00,8.03,32.75,0,-161722.2,0,0
2018-06-15 16:00:00,7.46,32.14,0,-61156.68,0,0
2018-06-19 16:00:00,3.67,30.52,0,-162121.2,9470019,-10479343.8
2018-06-20 16:00:00,4.08,28.41,0,-210828,0,0
2018-06-21 16:00:00,2.87,27.16,0,-125021,0,0
2018-06-22 16:00:00,3.32,26.53,0,-62563,0,0
2018-06-25 16:00:00,1.94,26.11,0,-42471,6727685,-9753067
2018-06-26 16:00:00,1.09,25.19,0,-91940,0,0
2018-06-27 16:00:00,-0.96,22.97,0,-221959,0,0
2018-06-28 16:00:00,-1.99,21.86,0,-111056.2,0,0
2018-06-29 16:00:00,0.52,23.86,199642.4,0,0,0
2018-07-02 16:00:00,-2.43,22.62,0,-123864,10695533,-6207133
2018-07-03 16:00:00,-2.39,23.54,92139,0,0,0
2018-07-04 16:00:00,-3.7,20.38,0,-316004,0,0
2018-07-05 16:00:00,-4.31,16.84,0,-353690,0,0
2018-07-06 16:00:00,-3.66,17.48,63566,0,0,0
2018-07-09 16:00:00,-0.96,21.41,392913,0,5106067,-5115261
2018-07-10 16:00:00,-0.73,22.88,147006.6,0,0,0
2018-07-11 16:00:00,-2.44,21.85,0,-102211.8,0,0
2018-07-12 16:00:00,-0.34,24.85,299119.8,0,0,0
2018-07-13 16:00:00,-0.01,27.1,225691,0,0,0
2018-07-16 16:00:00,-0.6,27.78,67707,0,1778373,-1790745
2018-07-17 16:00:00,-1.25,26.78,0,-100287.4,0,0
2018-07-18 16:00:00,-1.76,26.21,0,-56163.2,0,0
2018-07-19 16:00:00,-1.85,24.92,0,-129289.2,0,0
2018-07-20 16:00:00,0,25.58,65779.4,0,0,0
2018-07-23 16:00:00,0.94,25.36,0,-21615.8,6422163,-6554619
2018-07-24 16:00:00,2.54,27.01,164907.2,0,0,0
2018-07-25 16:00:00,2.43,26.97,0,-4629.8,0,0
2018-07-26 16:00:00,1.24,23.92,0,-304395.6,0,0
2018-07-27 16:00:00,0.81,23.27,0,-64846.4,0,0
2018-07-30 16:00:00,0.64,23.15,0,-12571.8,6357966,-6199256
2018-07-31 16:00:00,0.71,23.17,2077,0,0,0
2018-08-01 16:00:00,-1.3,20.99,0,-217574,0,0
2018-08-02 16:00:00,-3.49,18.37,0,-262392,0,0
2018-08-03 16:00:00,-5.08,15.09,0,-328050,0,0
2018-08-06 16:00:00,-6.29,13.74,0,-134450,7257083,-11425758
2018-08-07 16:00:00,-3.55,16.28,253521,0,0,0
2018-08-08 16:00:00,-5.11,15.42,0,-85860.4,0,0
2018-08-09 16:00:00,-2.73,16.35,92804,0,0,0
2018-08-10 16:00:00,-2.52,16.56,21608,0,0,0
2018-08-13 16:00:00,-2.94,18.44,187429,0,11530443,-7351456
2018-08-14 16:00:00,-3.43,16.98,0,-146107,0,0
2018-08-15 16:00:00,-5.75,13.07,0,-391111,0,0
2018-08-16 16:00:00,-6.19,12.86,0,-20977,0,0
2018-08-17 16:00:00,-7.54,9.94,0,-291296,0,0
2018-08-20 16:00:00,-6.46,12.25,230158,0,5859804,-8391250
2018-08-21 16:00:00,-4.76,12.65,40371,0,0,0
2018-08-22 16:00:00,-5.29,11.93,0,-72361,0,0
2018-08-23 16:00:00,-4.95,12.82,89284,0,0,0
2018-08-24 16:00:00,-4.8,12.24,0,-57665,0,0
2018-08-27 16:00:00,-2.47,16.65,440485,0,9285353,-6795443
2018-08-28 16:00:00,-2.65,16.42,0,-22576,0,0
2018-08-29 16:00:00,-3.04,16.09,0,-33172,0,0
2018-08-30 16:00:00,-4.06,14.84,0,-124834,0,0
2018-08-31 16:00:00,-4.53,13.02,0,-182521,0,0
2018-09-03 16:00:00,-4.9,13.88,86571,0,4860096,-4804193
2018-09-04 16:00:00,-3.69,15.46,157683,0,0,0
2018-09-05 16:00:00,-5.58,12.71,0,-274730,0,0
2018-09-06 16:00:00,-6.58,11.92,0,-79390.6,0,0
2018-09-07 16:00:00,-6.16,11.63,0,-29178,0,0
2018-09-10 16:00:00,-7.52,10.45,0,-117301,6669510,-8868602
2018-09-11 16:00:00,-7.69,10.66,20878,0,0,0
2018-09-12 16:00:00,-8.33,10.84,17726,0,0,0
2018-09-13 16:00:00,-7.34,11.65,80687,0,0,0
2018-09-14 16:00:00,-7.18,10.61,0,-103799,0,0
2018-09-17 16:00:00,-8.24,10.15,0,-45439,6545896,-5853584
2018-09-18 16:00:00,-6.4,11.33,118178,0,0,0
2018-09-19 16:00:00,-5.16,13.68,234368,0,0,0
2018-09-20 16:00:00,-5.23,13.4,0,-27570,0,0
2018-09-21 16:00:00,-2.36,16.53,312453.2,0,0,0
2018-09-25 16:00:00,-3.24,15.86,0,-67014,8064169,-6576701
2018-09-26 16:00:00,-2.17,18.11,225679,0,0,0
2018-09-27 16:00:00,-2.56,18,0,-11303,0,0
2018-09-28 16:00:00,-1.55,18.92,92082,0,0,0
2018-10-08 16:00:00,-5.78,13.76,0,-516351,4280020,-4260579
2018-10-09 16:00:00,-5.85,13.16,0,-59923,0,0
2018-10-10 16:00:00,-6.05,12.24,0,-91860,0,0
2018-10-11 16:00:00,-10.56,7.73,0,-450727,0,0
2018-10-12 16:00:00,-9.22,9.76,202730,0,0,0
2018-10-15 16:00:00,-10.49,8.89,0,-87125,6948908,-10570876
2018-10-16 16:00:00,-11.22,7.57,0,-132354,0,0
2018-10-17 16:00:00,-10.73,8.24,67322,0,0,0
2018-10-18 16:00:00,-12.84,6.06,0,-218220,0,0
2018-10-19 16:00:00,-10.25,8.12,206588,0,0,0
2018-10-22 16:00:00,-6.37,12.52,440188,0,10446855,-6849700
2018-10-23 16:00:00,-8.86,8.98,0,-354447.6,0,0
2018-10-24 16:00:00,-8.72,7.2,0,-178263,0,0
2018-10-25 16:00:00,-8.55,6.3,0,-89707,0,0
2018-10-26 16:00:00,-9.14,5.04,0,-126470,0,0
2018-10-29 16:00:00,-11.91,2.49,0,-254205,4596220,-4543835
2018-10-30 16:00:00,-10.95,3.39,89890,0,0,0
2018-10-31 16:00:00,-9.71,4.55,115774,0,0,0
2018-11-01 16:00:00,-9.04,5.06,51246,0,0,0
2018-11-02 16:00:00,-5.8,8.16,309936,0,0,0
2018-11-05 16:00:00,-6.59,7.19,0,-96901,5678053,-5683690
2018-11-06 16:00:00,-7.15,7.19,0,-616,0,0
2018-11-07 16:00:00,-7.76,6.73,0,-45683,0,0
2018-11-08 16:00:00,-8.02,6.27,0,-45590,0,0
2018-11-09 16:00:00,-9.32,5.45,0,-82525,0,0
2018-11-12 16:00:00,-8.24,7.46,201252,0,3170386,-3211317
2018-11-13 16:00:00,-7.31,8.38,91744,0,0,0
2018-11-14 16:00:00,-8.24,7.8,0,-57948,0,0
2018-11-15 16:00:00,-7.17,9.32,151594,0,0,0
2018-11-16 16:00:00,-6.73,8.78,0,-53442,0,0
2018-11-19 16:00:00,-5.68,10.01,123330,0,4327053,-4370809
2018-11-20 16:00:00,-7.86,7.32,0,-269135,0,0
2018-11-21 16:00:00,-7.63,7.87,54390,0,0,0
2018-11-22 16:00:00,-7.97,7.38,0,-48615,0,0
2018-11-23 16:00:00,-10,4.43,0,-294848,0,0
2018-11-26 16:00:00,-10.07,4.45,1642,0,6689753,-7623336
2018-11-27 16:00:00,-10.18,4.62,16814,0,0,0
2018-11-28 16:00:00,-8.99,6.47,185518,0,0,0
2018-11-29 16:00:00,-10.17,4.74,0,-173434,0,0
2018-11-30 16:00:00,-9.17,5.14,40383,0,0,0
2018-12-03 16:00:00,-6.64,7.7,256195,0,9959904,-8950895
2018-12-04 16:00:00,-6.45,8.21,50200,0,0,0
2018-12-05 16:00:00,-6.9,8.11,0,-9548,0,0
2018-12-06 16:00:00,-8.91,5.25,0,-286067,0,0
2018-12-07 16:00:00,-8.91,4.62,0,-62904,0,0
2018-12-10 16:00:00,-9.97,3.73,0,-88750,2839509,-2825040
2018-12-11 16:00:00,-9.54,4.3,56891,0,0,0
2018-12-12 16:00:00,-9.23,4.69,39019,0,0,0
2018-12-13 16:00:00,-7.82,6.28,158587,0,0,0
2018-12-14 16:00:00,-9.36,4.36,0,-191615,0,0
2018-12-17 16:00:00,-9.5,3.97,0,-38885,3811448,-3848270
2018-12-18 16:00:00,-10.43,3.09,0,-88223,0,0
2018-12-19 16:00:00,-11.5,2.01,0,-108257,0,0
2018-12-20 16:00:00,-12.18,1.94,0,-6884,0,0
2018-12-21 16:00:00,-13.27,0.93,0,-101244,0,0
2018-12-24 16:00:00,-13.02,1.6,67511,0,7697022,-7984050
2018-12-25 16:00:00,-13.62,1.29,0,-31388,0,0
2018-12-26 16:00:00,-14.05,1.41,12154,0,0,0
2018-12-27 16:00:00,-14.38,1.38,0,-3212,0,0
2018-12-28 16:00:00,-13.81,1.23,0,-14583,0,0
2019-01-02 16:00:00,-14.98,0.38,0,-85172,6705059,-6408287
2019-01-03 16:00:00,-15.12,-0.61,0,-98971,0,0
2019-01-04 16:00:00,-13.08,0.84,144941,0,0,0
2019-01-07 16:00:00,-12.56,2.42,157938,0,5394762,-5697524
2019-01-08 16:00:00,-12.75,1.94,0,-47503,0,0
2019-01-09 16:00:00,-11.86,2.05,11005,0,0,0
2019-01-10 16:00:00,-12.03,1.6,0,-45800,0,0
2019-01-11 16:00:00,-11.4,2.03,43483,0,0,0
2019-01-14 16:00:00,-12.17,1.45,0,-57683,3418720,-3087157
2019-01-15 16:00:00,-10.45,4.05,259219,0,0,0
2019-01-16 16:00:00,-10.43,4.74,69895,0,0,0
2019-01-17 16:00:00,-10.92,3.76,0,-98656,0,0
2019-01-18 16:00:00,-9.3,5.59,183109,0,0,0
2019-01-21 16:00:00,-8.8,6.19,59713,0,2514805,-2505379
2019-01-22 16:00:00,-10.01,4.01,0,-217225,0,0
2019-01-23 16:00:00,-10.07,4.25,23260,0,0,0
2019-01-24 16:00:00,-9.57,5,75105,0,0,0
2019-01-25 16:00:00,-8.83,4.94,0,-5965,0,0
2019-01-28 16:00:00,-8.85,5.56,62134,0,2767847,-2825758
2019-01-29 16:00:00,-8.56,5.9,33615,0,0,0
2019-01-30 16:00:00,-9.29,5.15,0,-74224,0,0
2019-01-31 16:00:00,-8.34,5.07,0,-8385,0,0
2019-02-01 16:00:00,-7.03,7.64,257253,0,0,0
2019-02-11 16:00:00,-5.34,11.07,342418,0,2293029,-2247655
2019-02-12 16:00:00,-4.65,12.13,106298,0,0,0
2019-02-13 16:00:00,-2.74,13.99,186315,0,0,0
2019-02-14 16:00:00,-2.6,14.19,19710,0,0,0
2019-02-15 16:00:00,-4.41,12.63,0,-156071,0,0
2019-02-18 16:00:00,-1.35,17.32,469317,0,2267954,-2310765
2019-02-19 16:00:00,-1.53,16.76,0,-55940,0,0
2019-02-20 16:00:00,-1.17,16.64,0,-12630,0,0
2019-02-21 16:00:00,-1.44,17.17,53301,0,0,0
2019-02-22 16:00:00,0.78,20.68,350870,0,0,0
2019-02-25 16:00:00,6.77,26.7,601955,0,2930944,-3171441
2019-02-26 16:00:00,5.49,27.01,31416,0,0,0
2019-02-27 16:00:00,5.31,25.42,0,-158706,0,0
2019-02-28 16:00:00,5.05,25.68,25399,0,0,0
2019-03-01 16:00:00,7.35,28.31,262659,0,0,0
2019-03-04 16:00:00,8.62,30.99,268107,0,2422961,-2284826
2019-03-05 16:00:00,9.25,32.66,167473,0,0,0
2019-03-06 16:00:00,10.17,33.99,132765,0,0,0
2019-03-07 16:00:00,9.05,34.56,56656,0,0,0
2019-03-08 16:00:00,4.72,30.71,0,-384120,0,0
2019-03-11 16:00:00,6.79,33.32,260961,0,3804464,-4070286
2019-03-12 16:00:00,7.51,35.37,204693,0,0,0
2019-03-13 16:00:00,6.62,31.37,0,-400372,0,0
2019-03-14 16:00:00,5.89,28.6,0,-276236,0,0
2019-03-15 16:00:00,7.22,29.99,138291,0,0,0
2019-03-18 16:00:00,10.27,35,501369,0,7262859,-6940430
2019-03-19 16:00:00,9.77,34.11,0,-89469,0,0
2019-03-20 16:00:00,9.81,33.18,0,-92715,0,0
2019-03-21 16:00:00,9.85,33.7,51919,0,0,0
2019-03-22 16:00:00,9.76,33.66,0,-4289,0,0
2019-03-25 16:00:00,7.16,32.25,0,-140484,4971072,-4888430
2019-03-26 16:00:00,5.94,30.21,0,-203688,0,0
2019-03-27 16:00:00,7.17,31.38,116712,0,0,0
2019-03-28 16:00:00,6.74,31.13,0,-24670,0,0
2019-03-29 16:00:00,10.86,37.29,615462.2,0,0,0
2019-04-01 16:00:00,13.77,42.32,503274,0,5189046,-5164107
2019-04-02 16:00:00,13.7,42.75,42788,0,0,0
2019-04-03 16:00:00,15.15,45.39,264340,0,0,0
2019-04-04 16:00:00,16.3,45.99,59579,0,0,0
2019-04-08 16:00:00,16.16,47.02,103020,0,3089652,-3262969
2019-04-09 16:00:00,16.68,46.15,0,-87367,0,0
2019-04-10 16:00:00,16.98,45.35,0,-79803,0,0
2019-04-11 16:00:00,14.45,40.36,0,-498338,0,0
2019-04-12 16:00:00,14.19,40.21,0,-15673,0,0
2019-04-15 16:00:00,13.82,39.9,0,-30843,11388165,-11705600
2019-04-16 16:00:00,16.97,43.42,352102,0,0,0
2019-04-17 16:00:00,17.02,43.4,0,-2378,0,0
2019-04-18 16:00:00,16.58,42.47,0,-92908,0,0
2019-04-19 16:00:00,17.97,44.03,156730,0,0,0
2019-04-22 16:00:00,15.25,43.06,0,-97579,9109590,-8626567
2019-04-23 16:00:00,15.06,42.28,0,-78122,0,0
2019-04-24 16:00:00,15.38,42.78,50724,0,0,0
2019-04-25 16:00:00,12.85,40.13,0,-265891,0,0
2019-04-26 16:00:00,11.35,38.25,0,-187310,0,0
2019-04-29 16:00:00,11.67,39.35,110236,0,9057788,-9191942
2019-04-30 16:00:00,12.03,37.96,0,-139503,0,0
2019-05-06 16:00:00,5.49,31.46,0,-650027,8413312,-8680391
2019-05-07 16:00:00,6.52,33.34,188269.4,0,0,0
2019-05-08 16:00:00,5,30.01,0,-333348,0,0
2019-05-09 16:00:00,3.06,27.32,0,-269268,0,0
2019-05-10 16:00:00,6.8,31.65,433680,0,0,0
2019-05-13 16:00:00,5.03,31.9,25140,0,8312368,-7918114
2019-05-14 16:00:00,4.36,30.61,0,-129262,0,0
2019-05-15 16:00:00,6.71,33.61,300196,0,0,0
2019-05-16 16:00:00,7.19,34.48,86919.4,0,0,0
2019-05-17 16:00:00,4.46,30.88,0,-360704,0,0
2019-05-20 16:00:00,3.58,29.97,0,-90101,9210568,-9180767
2019-05-21 16:00:00,4.98,31.51,153697,0,0,0
2019-05-22 16:00:00,4.48,31.21,0,-29963,0,0
2019-05-23 16:00:00,2.61,28.8,0,-241473,0,0
2019-05-24 16:00:00,2.89,28.61,0,-18927.6,0,0
2019-05-27 16:00:00,4.13,31.95,334371,0,8958323,-8942849
2019-05-28 16:00:00,5.14,32.67,71903,0,0,0
2019-05-29 16:00:00,4.9,32.25,0,-42328,0,0
2019-05-30 16:00:00,4.25,31.31,0,-93881,0,0
2019-05-31 16:00:00,3.92,31.09,0,-21505,0,0
2019-06-03 16:00:00,3.98,31.42,32224.32,0,8863221,-8839352
2019-06-04 16:00:00,3.02,29.75,0,-166084,0,0
2019-06-05 16:00:00,2.98,29.16,0,-59051.2,0,0
2019-06-06 16:00:00,2.06,27.49,0,-167445,0,0
2019-06-10 16:00:00,3.37,29.77,227887.2,0,7477898,-7506540
2019-06-11 16:00:00,6.48,32.82,304750.8,0,0,0
2019-06-12 16:00:00,5.67,31.64,0,-117351.2,0,0
2019-06-13 16:00:00,5.51,31.01,0,-63415.8,0,0
2019-06-14 16:00:00,4.64,30.34,0,-67022.8,0,0
2019-06-17 16:00:00,4.64,30.86,52449.2,0,10587178,-10556532.2
2019-06-18 16:00:00,5,31.13,26551.52,0,0,0
2019-06-19 16:00:00,6.39,33.28,215149,0,0,0
2019-06-20 16:00:00,9.61,39.4,612216,0,0,0
2019-06-21 16:00:00,9.76,40.17,77096,0,0,0
2019-06-24 16:00:00,9.97,39.78,0,-39166.48,3690976,-3841005
2019-06-25 16:00:00,8.83,40.99,121024,0,0,0
2019-06-26 16:00:00,8.63,37.41,0,-358183.6,0,0
2019-06-27 16:00:00,9.79,39.42,201036,0,0,0
2019-06-28 16:00:00,9.53,39.58,15699,0,0,0
